<?xml version="1.0" encoding="utf-8"?>
<resources xmlns:tools="http://schemas.android.com/tools">

	<!-- General -->
	<string name="app_name">모닝키트</string>
	<string name="ok">확인</string>
	<string name="cancel">취소</string>
	<string name="loading">로딩 중&#8230;</string>
	<string name="default_string">기본</string>
	<string name="yes">예</string>
	<string name="no">아니오</string>
	<string name="no_network_connection">네트워크 접속불가</string>
	<string name="searching">검색 중&#8230;</string>
	<string name="done">완료</string>
	<string name="open">열기</string>

	<!-- Alarm -->
	<string name="add_an_alarm">알람 추가</string>
	<string name="edit_alarm">알람 편집</string>
	<string name="alarm_default_label">알람</string>
	<string name="alarm_am">오전</string>
	<string name="alarm_pm">오후</string>
	<string name="alarm_snooze_stirng">9분 뒤 알람이 다시 울립니다</string>

	<!-- Alarm Toaster -->

	<string name="alarm_set_toast_part2">후에 알람이 울립니다</string>
	<string name="alarm_day">일 </string>
	<string name="alarm_days">일 </string>
	<string name="alarm_hour">시간</string>
	<string name="alarm_hours">시간</string>
	<string name="alarm_minute">분</string>
	<string name="alarm_minutes">분</string>

	<!-- Alarm Preference -->
	<string name="alarm_pref_repeat">반복</string>
	<string name="alarm_pref_sound_type">사운드</string>
	<string name="alarm_pref_label">이름</string>
	<string name="alarm_pref_repeat_never">안 함</string>
	<string name="alarm_pref_repeat_weekdays">주중</string>
	<string name="alarm_pref_repeat_weekends">주말</string>
	<string name="alarm_pref_repeat_everyday">매일</string>
	<string name="alarm_pref_pick_your_favorite_sond">노래 선택</string>

	<!-- Repeat -->
	<string name="every_monday">월요일마다</string>
	<string name="every_tuesday">화요일마다</string>
	<string name="every_wednesday">수요일마다</string>
	<string name="every_thursday">목요일마다</string>
	<string name="every_friday">금요일마다</string>
	<string name="every_saturday">토요일마다</string>
	<string name="every_sunday">일요일마다</string>
	<string name="monday">월</string>
	<string name="tuesday">화</string>
	<string name="wednesday">수</string>
	<string name="thursday">목</string>
	<string name="friday">금</string>
	<string name="saturday">토</string>
	<string name="sunday">일</string>
	<string name="monday_short">월</string>
	<string name="tuesday_short">화</string>
	<string name="wednesday_short">수</string>
	<string name="thursday_short">목</string>
	<string name="friday_short">금</string>
	<string name="saturday_short">토</string>
	<string name="sunday_short">일</string>

	<!-- Alarm Wake -->
	<string name="alarm_wake_snooze">다시 알림</string>
	<string name="alarm_wake_dismiss">알람 끔</string>

	<!-- Alarm Sound -->
	<string name="alarm_sound_string_none">무음</string>
	<string name="alarm_sound_string_vibrate">진동</string>
	<string name="alarm_sound_string_ringtones">벨소리</string>
	<string name="alarm_sound_string_music">음악</string>
	<string name="alarm_ocean_short">Ocean</string>
	<string name="alarm_ride">Ride</string>

	<!-- Widget -->
	<string name="world_clock">세계 시계</string>
	<string name="flickr">플리커</string>
	<string name="memo">메모</string>
	<string name="date_calculator">날짜 계산</string>
	<string name="weather">날씨</string>
	<string name="calendar">달력</string>
	<string name="exchange_rate">환율</string>
	<string name="saying">명언</string>
	<string name="reminder">일정</string>

	<!-- Calendar -->
	<string name="calendar_lunar_calendar">음력 달력 추가</string>
	<string name="calendar_monday">월요일</string>
	<string name="calendar_tuesday">화요일</string>
	<string name="calendar_wednesday">수요일</string>
	<string name="calendar_thursday">목요일</string>
	<string name="calendar_friday">금요일</string>
	<string name="calendar_saturday">토요일</string>
	<string name="calendar_sunday">일요일</string>

	<!-- Flickr -->
	<string name="flickr_not_available_flickr_url">검색 조건과 일치하는 내용을 찾을 수 없습니다</string>
	<string name="flickr_search_images">이미지 검색</string>
	<string name="flickr_use_gray_scale">흑백효과 사용</string>
	<string name="flickr_save_to_library_guide">사진을 라이브러리에 저장합니다</string>
	<string name="flickr_photo_saved">사진이 저장되었습니다</string>
	<string name="flickr_normal_quality">일반화질</string>
	<string name="flickr_high_quality">고화질</string>
	<string name="flickr_error_access_server">플리커 서버에 접속할 수 없습니다</string>

	<!-- Date Countdown -->
	<string name="date_countdown_date">날짜</string>
	<string name="date_countdown_countdown">계산</string>
	<string name="date_countdown_new_year">새해</string>
	<string name="date_countdown_write_a_title">이름</string>
	<string name="date_countdown_create_countdown">기념일을 설정해 주세요</string>

	<!-- Weather -->
	<string name="weather_temperature_unit">온도 단위</string>
	<string name="weather_use_current_location">현재 위치 사용</string>
	<string name="weather_current_location">현재 위치</string>
	<string name="weather_search_city">도시 검색 (영어)</string>
	<string name="display_local_time">현지 시간 표시</string>
	<string name="weather_choose_your_city">도시를 선택하세요</string>

	<!-- World Clock -->
	<string name="world_clock_clock_type_text">시계 타입</string>
	<string name="world_clock_digital">디지털</string>
	<string name="world_clock_analog">아날로그</string>
	<string name="world_clock_use_24_hour_format">24시간제 사용</string>
	<string name="world_clock_today">오늘</string>
	<string name="world_clock_tomorrow">내일</string>
	<string name="world_clock_yesterday">어제</string>

	<!-- Exchange Rate -->
	<string name="exchange_rate_switch_countries">기준 환율 변경</string>
	<string name="exchange_rate_main_currencies">주요 환율</string>
	<string name="exchange_rate_all_currencies">모든 환율</string>

	<!-- Memo -->
	<string name="memo_write_here">메모를 입력하세요</string>
	<string name="memo_write_here_modal">이곳에 입력하세요</string>
	<string name="memo_end_of_page_halt">입력 범위 초과입니다</string>

	<!-- Quotes -->
	<string name="quotes_copy">복사</string>

	<!-- Reminder -->
	<string name="reminder_no_schedule">오늘은 일정이 없습니다</string>
	<string name="reminder_birthday">생일</string>
	<string name="reminder_event">일정</string>
	<string name="reminder_all_day">하루 종일</string>

	<!-- Configure_Info -->
	<string name="info_store">상점</string>
	<string name="info_help">도움말</string>
	<string name="info_credit">크레디트</string>
	<string name="info_yooii_connector">유이 커넥터</string>

	<!-- Tab -->
	<string name="tab_widget">패널</string>
	<string name="tab_alarm">알람</string>
	<string name="tab_setting">설정</string>
	<string name="tab_theme">테마/언어</string>
	<string name="tab_info">정보</string>

	<!-- Setting (General) -->
	<string name="setting_language">언어 / Language</string>
	<string name="setting_widgettable">패널 배열</string>
	<string name="setting_theme_color">배경 테마</string>
	<string name="setting_theme_color_skyblue">하늘 (하늘색)</string>
	<string name="setting_theme_color_classic_gray">슬레이트 (회색)</string>
	<string name="setting_theme_color_classic_white">모던 (흰색)</string>
	<string name="setting_theme_mirror">투영 (미러모드)</string>
	<string name="setting_theme_scenery">고요함 (투명모드)</string>
	<string name="setting_theme_photo">사진</string>
	<string name="setting_theme_photo_portrait">사진 (세로모드)</string>
	<string name="setting_theme_photo_landscape">사진 (가로모드)</string>

	<!-- Setting (Language) -->
	<string name="setting_language_korean">한국어</string>
	<string name="setting_language_english">English</string>
	<string name="setting_language_japanese">日本語</string>
	<string name="setting_language_simplified_chinese">简体中文</string>
	<string name="setting_language_traditional_chinese">繁體中文</string>
	<string name="setting_language_russian">Русский</string>
	<string name="setting_language_indonesian">(인도네시아어 본토 표기 필요)</string>

	<!-- Setting (Effect sound) -->
	<string name="setting_effect_sound">효과음</string>
	<string name="setting_effect_sound_on">켜기</string>
	<string name="setting_effect_sound_off">끄기</string>

	<!-- Tutorial -->
	<string name="tutorial_select_theme">배경화면 선택</string>


	<string name="tutorial1_label1">패널을 설정하거나 재배치 할 수 있습니다</string>
	<string name="tutorial1_label2">알람을 추가하거나 편집할 수 있습니다</string>
	<string name="tutorial1_label3">밀어서 알람 삭제</string>
	<string name="tutorial1_label4">새로고침</string>
	<string name="tutorial1_label5">설정</string>
	<string name="tutorial1_tap_screen">화면을 터치해 주세요</string>
	<string name="tutorial1_skip_tutorial">튜토리얼 건너뛰기</string>

	<!-- Unlock -->
	<string name="unlock_notice">알림</string>
	<string name="unlock_unlocked">사용가능</string>
	<string name="unlock_description">기능을 추가하는 다양한 방법들이 있습니다.물론 무료로도 가능합니다!</string>
	<string name="unlock_description_highlight">기능을 추가</string>
	<string name="unlock_everything">$1.99면 모닝키트의 모든 기능을 사용하실 수 있습니다!</string>
	<string name="unlock_everything_highlight">모든 기능</string>
	<string name="unlock_only_this">$0.99면 이 기능을 사용하실 수 있습니다</string>
	<string name="unlock_review">리뷰를 남겨주시면 이 기능을 무료로 사용하실 수 있습니다</string>
	<string name="unlock_review_highlight">리뷰</string>
	<string name="unlock_connector">유이 커넥터에 가입하시면 이 기능을 무료로 사용하실 수 있습니다</string>
	<string name="unlock_connector_highlight">유이 커넥터</string>
	<string name="unlock_use_morning">모닝키트를 10회 사용하시면 이 기능을 무료로 사용할 수 있습니다</string>
	<string name="unlock_use_morning_highlight">10회</string>
	<string name="unlock_facebook">Like 버튼을 눌러 주시면 이 기능을 무료로 사용하실 수 있습니다</string>
	<string name="unlock_facebook_highlight">Like</string>
	<string name="unlock_twitter">Follow 해 주시면 이 기능을 무료로 사용하실 수 있습니다</string>
	<string name="unlock_twitter_highlight">Follow</string>

	<!-- Store -->
	<string name="store_no_purchase_records">구매 기록이 없습니다</string>
	<string name="store_restore_purchases">구매한 기능 복원</string>
	<string name="store_purchased">구매 완료</string>
	<string name="store_restore">복원</string>
	<string name="store_restore_success_message">구매 복원 성공</string>
	<string name="store_buy_full_version">풀버전을 구매해 주세요!</string>
	<string name="store_buy_full_version_description">알람 추가, 모든 기능과 패널, 테마를 사용하실 수 있습니다</string>
	<string name="store_tab_functions">기능</string>
	<string name="store_tab_widgets">패널</string>
	<string name="store_tab_themes">테마</string>
	<string name="store_item_more_alarm_slots">알람 개수 추가</string>
	<string name="store_item_no_ads">광고 제거</string>
	<string name="store_item_matrix">2 X 3 배열</string>
	<string name="store_item_widget_date_countdown">날짜 계산</string>
	<string name="store_item_widget_memo">메모</string>
	<string name="store_item_photo_portrait">사진(enter)세로모드</string>
	<string name="store_item_photo_landscape">사진(enter)가로모드</string>
	<string name="store_item_skyblue">하늘(enter)(하늘색)</string>
	<string name="store_item_classic_white">모던(enter)(흰색)</string>
	<string name="store_item_water_lily">워터 릴리(디자인)</string>
	<string name="store_item_popsicle">Popsicle</string>

	<!-- Rate it -->
	<string name="rate_it_contents">모닝키트 리뷰 부탁 드립니다.(enter)소중한 리뷰가 더 좋은 제품을 만드는데 도움이 됩니다! ^^</string>
	<string name="rate_it_rate">평가하기</string>
	<string name="rate_it_no_thanks">나중에 하기</string>
	<string name="rate_morning_kit">모닝키트 평가하기</string>

	<!-- More Information -->
	<string name="more_information">모닝키트 정보</string>
	<string name="more_information_yooii_studios">유이스튜디오</string>
	<string name="more_information_morning_kit_help">모닝키트 도움말</string>
	<string name="more_information_version_info">버전</string>
	<string name="more_information_morning_kit_license">모닝키트 라이센스</string>
	<string name="more_information_license">라이센스</string>

	<!-- Alarm First On Notice -->
	<string name="alarm_first_on_notice">[설정 -> 알림 -> 모닝키트](enter)(enter)모닝키트의 알림스타일을 "알림"으로, 사운드를 "온"으로 설정해주세요.(enter)(enter)진동모드에서는 알람이 울리지 않습니다. 진동모드를 해제하고 사용해 주세요.</string>

	<!-- Photo Theme -->
	<string name="photo_theme_move_and_scale">이동 및 확대</string>
	<string name="photo_theme_choose">선택</string>
	<string name="photo_theme_first_open_notice">사진을 이동하고 확대해서 사진을 프레임보다 크게 맞추어 주세요.(enter)프레임보다 작게 설정될 경우 사진이 화면에 맞게 표시되지 않을 수 있습니다</string>

	<!-- Android Only -->

	<!-- General -->
	<string name="action_bar_up_button_main">메인</string>
	<string name="store_item_full_version">풀버전</string>

	<!-- Alarm -->
	<string name="alarm_set_for_less_than_1_minute">알람이 1분 내에 울립니다</string>
	<string name="alarm_status_bar_icon">상태바에 알람 아이콘 표시</string>

	<!-- Prefs -->
	<string name="alarm_pref_volume">볼륨</string>



	<!-- Flickr -->
	<string name="saving">저장 중…</string>

	<!-- World Clock -->
	<string name="no_search_result">검색결과 없음</string>

	<!-- Calendar -->
	<string name="calendar_select_calendars">캘린더 선택</string>

	<!-- Photo Album -->
	<string name="photo_album">사진 앨범</string>
	<string name="photo_album_no_image">사용가능한 이미지 없음</string>
	<string name="photo_album_error_getting_photo">사진을 가져올 때 문제가 생겼습니다</string>
	<string name="photo_album_label_refresh_time">리프레시 시간</string>
	<string name="photo_album_label_transition_type">전환 효과</string>
	<string name="photo_album_minute_hint">분</string>
	<string name="photo_album_minute">분</string>
	<string name="photo_album_second_hint">초</string>
	<string name="photo_album_second">초</string>
	<string name="photo_album_transition_none">없음</string>
	<string name="photo_album_transition_alpha">페이드</string>
	<string name="photo_album_load">로드</string>

	<!-- Panel - News Feed -->
	<string name="news_feed">뉴스</string>
	<string name="news_feed_invalid_url">유효하지 않은 RSS</string>
	<string name="news_feed_feed_unavailable">뉴스를 사용할 수 없습니다</string>
	<string name="news_feed_url_dialog_title">RSS 주소 입력</string>
	<string name="news_feed_url_dialog_reset">리셋</string>

	<!-- Panel - Cat -->
	<string name="cat">고양이</string>

	<!-- Theme -->
	<string name="setting_theme_color_pastel_green">파스텔 그린</string>
	<string name="setting_theme_color_cool_navy">쿨 네이비</string>
	<string name="setting_theme_color_mint_pink">민트 핑크</string>

	<!-- Recommend -->
	<string name="recommend_to_friends">친구에게 추천하기</string>
	<string name="recommend_title">강력 추천!!</string>
	<string name="recommend_description">당황하지 않고 클릭해서 다운받으면~ 끝!</string>
	<string name="recommend_app_full_name">모닝키트</string>

	<!-- Location -->
	<string name="dialog_location_service_disabled_title">위치 서비스 비활성화됨</string>
	<string name="dialog_location_service_disabled_title">확인을 눌러 위치서비스를 활성화하세요</string>
</resources>